i,lid_10,rc_10,exp_20|10,distcomp,dataset,workload_description,eps_q0.25,eps_q0.5,eps_q0.75
0,9.941064237752922,2.692531,1.0214509,0.0109166666666666,fashion_mnist-euclidean-784-60K,"Annealing(rc, easy)",0.0094333333333333,0.1153666666666666,0.7254
1,8.80451739345329,2.1163185,1.0303371,0.0200833333333333,fashion_mnist-euclidean-784-60K,"Annealing(rc, easy)",0.0217,0.59155,0.9991666666666666
2,10.10010582297834,2.7443357,1.0566967,0.01885,fashion_mnist-euclidean-784-60K,"Annealing(rc, easy)",0.0054166666666666,0.2132666666666666,0.706
3,8.995075624203333,2.6987834,1.0302474,0.0159666666666666,fashion_mnist-euclidean-784-60K,"Annealing(rc, easy)",0.0072333333333333,0.2199,0.6483
4,7.403892932325421,2.5626526,1.0367584,0.0120833333333333,fashion_mnist-euclidean-784-60K,"Annealing(rc, easy)",0.00245,0.1992833333333333,0.6239833333333333
5,6.002158117316163,2.0399232,1.0731468,0.0194833333333333,fashion_mnist-euclidean-784-60K,"Annealing(rc, easy)",1.6666666666666667e-05,3.3333333333333335e-05,0.01375
6,11.029465656291285,3.1367888,1.0155641,0.0187833333333333,fashion_mnist-euclidean-784-60K,"Annealing(rc, easy)",0.0429833333333333,0.30275,0.8106833333333333
7,7.856624525557041,2.182207,1.0311977,0.0176666666666666,fashion_mnist-euclidean-784-60K,"Annealing(rc, easy)",0.0036166666666666,0.2310166666666666,0.9679
8,10.427122837741894,2.6353695,1.0193392,0.0320166666666666,fashion_mnist-euclidean-784-60K,"Annealing(rc, easy)",0.0230833333333333,0.3516833333333333,0.9096166666666666
9,8.699849874637827,2.3522975,1.0110509,0.0427833333333333,fashion_mnist-euclidean-784-60K,"Annealing(rc, easy)",0.0094166666666666,0.3063666666666667,0.7594166666666666
0,9.265523230459822,2.6816041,1.0186481,0.0109166666666666,fashion_mnist-euclidean-784-60K,"Annealing(rc, medium)",0.01095,0.1223,0.7525
1,10.219367791389743,2.1347215,1.0437989,0.0200833333333333,fashion_mnist-euclidean-784-60K,"Annealing(rc, medium)",0.0248833333333333,0.6203,0.9994
2,9.610291894531075,2.6973622,1.0396379,0.01885,fashion_mnist-euclidean-784-60K,"Annealing(rc, medium)",0.0069666666666666,0.2336166666666666,0.7559
3,9.047528832324089,2.71224,1.0310432,0.0159666666666666,fashion_mnist-euclidean-784-60K,"Annealing(rc, medium)",0.0047,0.17505,0.5753166666666667
4,7.151057662635092,2.6016104,1.0483162,0.0120833333333333,fashion_mnist-euclidean-784-60K,"Annealing(rc, medium)",0.0009666666666666,0.1092833333333333,0.5114166666666666
5,7.514893669697663,1.9704068,1.0583391,0.0194833333333333,fashion_mnist-euclidean-784-60K,"Annealing(rc, medium)",1.6666666666666667e-05,0.02895,0.3848666666666667
6,10.678714666093892,3.241243,1.0222967,0.0187833333333333,fashion_mnist-euclidean-784-60K,"Annealing(rc, medium)",0.03035,0.1879166666666666,0.6382833333333333
7,8.593987103806775,2.1556737,1.0290912,0.0176666666666666,fashion_mnist-euclidean-784-60K,"Annealing(rc, medium)",0.0063166666666666,0.2894333333333333,0.98965
8,9.635354556141491,2.6358318,1.025754,0.0287166666666666,fashion_mnist-euclidean-784-60K,"Annealing(rc, medium)",0.0165,0.3145,0.8609833333333333
9,9.568323086992551,2.3370645,1.0165781,0.0497833333333333,fashion_mnist-euclidean-784-60K,"Annealing(rc, medium)",0.0129666666666666,0.3462,0.7920166666666667
0,10.545534004105086,2.7233965,1.0204409,0.0109166666666666,fashion_mnist-euclidean-784-60K,"Annealing(rc, hard)",0.01335,0.12845,0.7465666666666667
1,8.82682453064858,2.108259,1.0340246,0.0200833333333333,fashion_mnist-euclidean-784-60K,"Annealing(rc, hard)",0.0146,0.4679333333333333,0.9976666666666668
2,9.585941803916729,2.7324522,1.0390502,0.01885,fashion_mnist-euclidean-784-60K,"Annealing(rc, hard)",0.0054166666666666,0.2088333333333333,0.6852166666666667
3,8.308347849168333,2.7598093,1.0320033,0.0159666666666666,fashion_mnist-euclidean-784-60K,"Annealing(rc, hard)",0.0024333333333333,0.1156,0.4574666666666667
4,7.401494854349479,2.5506818,1.0509387,0.0120833333333333,fashion_mnist-euclidean-784-60K,"Annealing(rc, hard)",0.0019333333333333,0.1765833333333333,0.5999666666666666
5,7.443189617782148,1.9503285,1.0593287,0.0161,fashion_mnist-euclidean-784-60K,"Annealing(rc, hard)",1.6666666666666667e-05,0.0392333333333333,0.4044833333333333
6,10.2533024857245,3.2082758,1.0163504,0.0187833333333333,fashion_mnist-euclidean-784-60K,"Annealing(rc, hard)",0.0326,0.2098,0.6934
7,8.202831757773893,2.1615438,1.0350872,0.0176666666666666,fashion_mnist-euclidean-784-60K,"Annealing(rc, hard)",0.006,0.2792,0.9884333333333334
8,9.951675084771518,2.619199,1.0088154,0.0127,fashion_mnist-euclidean-784-60K,"Annealing(rc, hard)",0.02085,0.3406166666666667,0.8901
9,8.118802479843922,2.336297,1.0105051,0.0463666666666666,fashion_mnist-euclidean-784-60K,"Annealing(rc, hard)",0.0058666666666666,0.2580166666666666,0.69245
0,45.5947944428763,2.8602192,1.0703342,0.0019315360866031,glove-angular-104-1183514,"Annealing(rc, easy)",0.001047727361062,0.0748989872532137,0.9502202762282492
1,19.93950557205992,2.840377,1.0659995,0.0057489814231179,glove-angular-104-1183514,"Annealing(rc, easy)",0.0022855665416716,0.0569253933624781,0.750851278480863
2,13.405508165053504,3.0140224,1.0651712,0.0042094981554928,glove-angular-104-1183514,"Annealing(rc, easy)",8.449414202113368e-07,8.449414202113368e-07,8.449414202113368e-07
3,4.490455238075958,2.8214405,1.1725705,0.0016214425853855,glove-angular-104-1183514,"Annealing(rc, easy)",8.449414202113368e-07,4.224707101056684e-06,1.5208945563804062e-05
4,21.180851802513224,2.8234327,1.0567094,0.0019492798564275,glove-angular-104-1183514,"Annealing(rc, easy)",0.0013561309794391,0.0307600924027937,0.8057183945437063
5,39.644573755482696,2.6520603,1.14278,0.0027671831511921,glove-angular-104-1183514,"Annealing(rc, easy)",0.0032428851707711,0.182876586166281,0.9756817409848976
6,32.77502696112492,2.2226477,1.0967711,0.0019264664380818,glove-angular-104-1183514,"Annealing(rc, easy)",0.0095816357051965,0.7630201248147466,0.9997558119295588
7,15.727613683845687,2.820853,1.137466,0.002654805942304,glove-angular-104-1183514,"Annealing(rc, easy)",7.942449349986565e-05,0.0032369705808296,0.1578130888185522
8,23.93756677540105,2.766427,1.2396774,0.0081334061109543,glove-angular-104-1183514,"Annealing(rc, easy)",0.0002061657065315,0.0361254704211357,0.603494339737426
9,22.81414880067388,2.8190112,1.0841113,0.001731284970013,glove-angular-104-1183514,"Annealing(rc, easy)",0.0005323130947331,0.0363299462448268,0.8220113999496415
0,8.378378000461437,2.2667437,1.0488149,0.0731110912080465,glove-angular-104-1183514,"Annealing(rc, medium)",0.0,0.0,0.0
1,28.37044065261919,2.2319639,1.0630602,0.0044655154058169,glove-angular-104-1183514,"Annealing(rc, medium)",1.0,1.0,1.0
2,6.205444589076121,2.378235,1.0528585,0.0042094981554928,glove-angular-104-1183514,"Annealing(rc, medium)",1.0,1.0,1.0
3,48.74217776851322,2.118329,1.1167746,0.0178738908031506,glove-angular-104-1183514,"Annealing(rc, medium)",1.0,1.0,1.0
4,35.580900115949206,2.1957455,1.0560552,0.0041368331933547,glove-angular-104-1183514,"Annealing(rc, medium)",1.0,1.0,1.0
5,29.702106579340622,2.2434676,1.038848,0.0240284441079699,glove-angular-104-1183514,"Annealing(rc, medium)",1.0,1.0,1.0
6,53.157365488439495,2.1924326,1.0269492,0.0032969614216646,glove-angular-104-1183514,"Annealing(rc, medium)",1.0,1.0,1.0
7,15.948326383624613,2.1934526,1.0320936,0.0060235873846866,glove-angular-104-1183514,"Annealing(rc, medium)",1.0,1.0,1.0
8,18.830706225806598,2.2212014,1.0663937,0.0094092676554734,glove-angular-104-1183514,"Annealing(rc, medium)",1.0,1.0,1.0
9,32.44597998574693,2.1941068,1.080347,0.0020456031783316,glove-angular-104-1183514,"Annealing(rc, medium)",1.0,1.0,1.0
0,36.74284955449517,1.6043662,1.022061,0.0936955540872351,glove-angular-104-1183514,"Annealing(rc, hard)",0.0115697828669538,0.5085220791642515,0.9881784245898232
1,38.3890274615084,1.707679,1.0226007,0.025344017899239,glove-angular-104-1183514,"Annealing(rc, hard)",0.001523429380641,0.1442044623046284,0.7699858218829688
2,33.81119730608764,1.7013265,1.035252,0.4210748668794792,glove-angular-104-1183514,"Annealing(rc, hard)",0.0046623867567261,0.3398506481545634,0.9751823806055526
3,40.82268913046604,1.6056639,1.0273846,0.2653589226658915,glove-angular-104-1183514,"Annealing(rc, hard)",0.0119187436735011,0.5546533458835299,0.9944318360408072
4,53.41426279964041,1.6498581,1.028117,0.0176060443729436,glove-angular-104-1183514,"Annealing(rc, hard)",0.0040176964531049,0.3470233558707374,0.9709517589145544
5,31.40432623921584,1.6192231,1.0139349,0.4583866350545916,glove-angular-104-1183514,"Annealing(rc, hard)",0.0023624562109108,0.260087333145193,0.9335335281204954
6,68.6788883620988,1.6364213,1.0179127,0.5874962188871445,glove-angular-104-1183514,"Annealing(rc, hard)",0.014789009677959,0.5389002580451098,0.9884327519573068
7,17.250544274973205,1.7110112,1.0163307,0.1620808879320396,glove-angular-104-1183514,"Annealing(rc, hard)",7.604472781902031e-05,0.0161983719668715,0.3367928051548186
8,21.93949552898793,1.7214192,1.0289187,0.0549575247948059,glove-angular-104-1183514,"Annealing(rc, hard)",0.0001537793384784,0.0391419112912901,0.4490179245872883
9,36.492474279194575,1.6079679,1.0212195,0.303982039925172,glove-angular-104-1183514,"Annealing(rc, hard)",0.0031355776104042,0.3084534699209303,0.952374876849788
0,12.30482901663848,2.0567133,1.0461357,0.0046797188027374,nytimes-angular-256-289761,"Annealing(rc, easy)",0.0,0.0,0.0
1,67.37503212691885,1.9395176,1.380143,0.0047142300033475,nytimes-angular-256-289761,"Annealing(rc, easy)",1.0,1.0,1.0
2,27.38660301615741,1.9368284,1.0680916,0.0028713318907651,nytimes-angular-256-289761,"Annealing(rc, easy)",1.0,1.0,1.0
3,476.0661429136756,1.4818842,1.125167,0.2601730391598593,nytimes-angular-256-289761,"Annealing(rc, easy)",1.0,1.0,1.0
4,130.33278033228967,1.9312522,1.4590675,0.0537719016706872,nytimes-angular-256-289761,"Annealing(rc, easy)",1.0,1.0,1.0
5,81.91280063275688,1.61964,1.0805657,0.023377887293321,nytimes-angular-256-289761,"Annealing(rc, easy)",1.0,1.0,1.0
6,21.27167052278232,1.9317563,1.2623153,0.0557735513060763,nytimes-angular-256-289761,"Annealing(rc, easy)",1.0,1.0,1.0
7,152.78485152323307,1.704874,1.2573276,0.0826129120205962,nytimes-angular-256-289761,"Annealing(rc, easy)",1.0,1.0,1.0
8,60.10194927352276,1.6983758,1.0774392,0.0211346592536607,nytimes-angular-256-289761,"Annealing(rc, easy)",1.0,1.0,1.0
9,12.14452793885902,1.9426432,1.1078054,0.0138217358443682,nytimes-angular-256-289761,"Annealing(rc, easy)",0.0,0.0,0.0
0,397.16554762841815,1.6067063,1.2189319,0.5688757286177228,nytimes-angular-256-289761,"Annealing(rc, medium)",0.0002967963252473,0.2328884839574684,0.971390214694179
1,2.0914891979289165,1.7599448,1.0684971,0.0189777092155258,nytimes-angular-256-289761,"Annealing(rc, medium)",3.4511200610158028e-06,3.4511200610158028e-06,3.4511200610158028e-06
2,13.069239798947605,1.7617532,1.0408092,0.0028713318907651,nytimes-angular-256-289761,"Annealing(rc, medium)",3.4511200610158028e-06,3.4511200610158028e-06,7.592464134234766e-05
3,34.318167212139244,1.604611,1.0212166,0.0039273746294359,nytimes-angular-256-289761,"Annealing(rc, medium)",0.0007040284924472,0.0494338437539903,0.8118104230728083
4,26.11663327367975,1.6085536,1.0805265,0.0033027218983921,nytimes-angular-256-289761,"Annealing(rc, medium)",0.0001380448024406,0.0074475170916721,0.4900314397037558
5,58.79566478074408,1.611827,1.0447032,0.0041413440732189,nytimes-angular-256-289761,"Annealing(rc, medium)",0.0003899765668947,0.0383074326772754,0.7274684999016431
6,123.17492776046385,1.6103005,1.119802,0.0353532739050458,nytimes-angular-256-289761,"Annealing(rc, medium)",0.0010802005790979,0.1977215705357173,0.9671522392592516
7,64.05556800265178,1.6108731,1.0642302,0.0161339862852488,nytimes-angular-256-289761,"Annealing(rc, medium)",0.0003036985653693,0.0673934725515165,0.8404271106187513
8,37.13378449374036,1.6050618,1.1250694,0.0041413440732189,nytimes-angular-256-289761,"Annealing(rc, medium)",7.592464134234766e-05,0.0227877457628873,0.6469987334389377
9,7.749963129284016,1.6742308,1.0677601,0.2587028620138666,nytimes-angular-256-289761,"Annealing(rc, medium)",3.4511200610158028e-06,3.4511200610158028e-06,3.4511200610158028e-06
0,76.86999003977323,1.3246616,1.0141321,0.5370218904545471,nytimes-angular-256-289761,"Annealing(rc, hard)",0.0197507601091934,0.5266443724310725,0.9859746480720316
1,17.315769488469517,1.371702,1.0176104,0.1374201497095882,nytimes-angular-256-289761,"Annealing(rc, hard)",3.4511200610158028e-06,6.9022401220316056e-06,0.0001622026428677
2,49.54234942266056,1.3199636,1.0125686,0.6011816635088918,nytimes-angular-256-289761,"Annealing(rc, hard)",0.0038410966279105,0.2875611279640807,0.9358574825459602
3,15.495010891883416,1.3204045,1.0081484,0.6521374512097902,nytimes-angular-256-289761,"Annealing(rc, hard)",3.4511200610158028e-06,3.4511200610158028e-06,2.4157840427110614e-05
4,16.917730051884575,1.4100881,1.0261334,0.003734111906019,nytimes-angular-256-289761,"Annealing(rc, hard)",6.9022401220316056e-06,0.0001345936823796,0.0107743968304913
5,51.0285095629354,1.3011854,1.0099989,0.7305883124368013,nytimes-angular-256-289761,"Annealing(rc, hard)",0.012465445660389,0.476948243552445,0.9830757072207784
6,97.50830745321308,1.337507,1.0092304,0.6806402517937197,nytimes-angular-256-289761,"Annealing(rc, hard)",3.4511200610158028e-06,3.4511200610158028e-06,3.4511200610158028e-06
7,44.61273177456171,1.3193989,1.0081725,0.6168704553062696,nytimes-angular-256-289761,"Annealing(rc, hard)",0.0018636048329485,0.1859946645683856,0.871376755325941
8,139.38874636940372,1.3220414,1.0062584,0.7484409565124361,nytimes-angular-256-289761,"Annealing(rc, hard)",0.0293414227587563,0.5958945475754156,0.991458477848986
9,15.858280542395416,1.3784555,1.0187291,0.5593609906095023,nytimes-angular-256-289761,"Annealing(rc, hard)",3.4511200610158028e-06,2.0706720366094817e-05,0.0009387046565962
0,10.207652507434934,2.8607743,1.0074499,0.0038972,sald-128-100m,"Annealing(rc, easy)",0.0016234,0.0775098,0.5895294
1,7.322510397563467,1.4514384,1.017225,0.0235096,sald-128-100m,"Annealing(rc, easy)",2e-07,2.6e-06,0.3027402
2,7.986050782194236,2.3433533,1.0079914,0.0023836,sald-128-100m,"Annealing(rc, easy)",1.4e-06,0.0102994,0.367983
3,9.78676998165034,2.38743,1.008993,0.0047216,sald-128-100m,"Annealing(rc, easy)",1.68e-05,0.0294358,0.505766
4,6.177239404969336,1.3685015,1.0182297,0.1066344,sald-128-100m,"Annealing(rc, easy)",2e-07,2e-07,0.0089004
5,52.81415767626364,1.9076266,1.0185925,0.0018846,sald-128-100m,"Annealing(rc, easy)",2e-07,2e-07,2e-07
6,4.267622925761748,1.8490068,1.0236456,0.0314776,sald-128-100m,"Annealing(rc, easy)",2e-07,2e-07,2e-07
7,43.79988407290863,1.9745944,1.013284,0.0234784,sald-128-100m,"Annealing(rc, easy)",2e-07,2e-07,2e-07
8,7.049267652907937,1.5235646,1.0174286,0.0541826,sald-128-100m,"Annealing(rc, easy)",2e-07,2e-07,0.1194484
9,18.48444802126595,2.9635038,1.0084321,0.0026474,sald-128-100m,"Annealing(rc, easy)",0.0239882,0.3130158,0.9511838
0,9.575454211688662,2.8736196,1.0133024,0.002195,sald-128-100m,"Annealing(rc, medium)",0.0013728,0.0746346,0.5938732
1,6.266385473481266,1.3376406,1.0057178,0.0577918,sald-128-100m,"Annealing(rc, medium)",2e-07,2e-07,0.0505312
2,7.672044612830446,2.277196,1.0100688,0.0045044,sald-128-100m,"Annealing(rc, medium)",3.2e-06,0.014797,0.4638938
3,9.006990287547247,2.3322718,1.011205,0.0027246,sald-128-100m,"Annealing(rc, medium)",1.52e-05,0.0402088,0.5877288
4,5.459030950843057,1.2845854,1.0041069,0.139373,sald-128-100m,"Annealing(rc, medium)",2e-07,2e-07,4e-06
5,7.842277852227614,1.7442284,1.0062894,0.0065988,sald-128-100m,"Annealing(rc, medium)",2e-07,0.0003328,0.190365
6,6.262084829667324,1.7355083,1.0050308,0.0291008,sald-128-100m,"Annealing(rc, medium)",2e-07,8e-06,0.0721082
7,7.867373077165741,1.8222258,1.0074098,0.0197976,sald-128-100m,"Annealing(rc, medium)",2e-07,0.0181806,0.5333194
8,6.203633973668401,1.4114255,1.0059661,0.0714006,sald-128-100m,"Annealing(rc, medium)",2e-07,2e-07,0.019214
9,15.927820105387203,3.1988735,1.0056522,0.0039608,sald-128-100m,"Annealing(rc, medium)",0.01322,0.2139136,0.738338
0,9.13269426526224,2.858192,1.0143994,0.002195,sald-128-100m,"Annealing(rc, hard)",0.0011134,0.072296,0.5885812
1,6.585796029695456,1.3100523,1.0081387,0.0506282,sald-128-100m,"Annealing(rc, hard)",2e-07,4e-07,0.6279198
2,8.235778162060848,2.3203106,1.0050396,0.0066736,sald-128-100m,"Annealing(rc, hard)",8.2e-06,0.017608,0.502875
3,8.986830243924484,2.2151303,1.0101115,0.004954,sald-128-100m,"Annealing(rc, hard)",0.000265,0.1907058,0.9331308
4,5.757299628605344,1.2760059,1.0034426,0.1820734,sald-128-100m,"Annealing(rc, hard)",2e-07,2e-07,0.0009734
5,7.427695775685486,1.731134,1.0110095,0.0073276,sald-128-100m,"Annealing(rc, hard)",2e-07,0.0004788,0.2349236
6,6.960157217490582,1.7366247,1.0078974,0.0299936,sald-128-100m,"Annealing(rc, hard)",2e-07,0.0070708,0.4635478
7,7.08309723569058,1.8328022,1.0086262,0.003758,sald-128-100m,"Annealing(rc, hard)",2e-07,0.0139058,0.4803408
8,6.512824537737878,1.3865733,1.0065526,0.0302062,sald-128-100m,"Annealing(rc, hard)",2e-07,2e-06,0.4833768
9,16.731931787160406,2.888971,1.0091147,0.0039608,sald-128-100m,"Annealing(rc, hard)",0.0246664,0.3404272,0.974676
0,1.6054967802264346,1.4343269,1.0138634,0.0012004,astro-256-100m,"Annealing(rc, easy)",1.4e-06,2e-06,0.1802854
1,0.9546992114649298,1.3383008,1.0355841,0.0116128,astro-256-100m,"Annealing(rc, easy)",1.8e-06,1.8e-06,0.5118888
2,5.673787737579712,1.4173152,1.0056516,0.0021442,astro-256-100m,"Annealing(rc, easy)",2e-07,3.78e-05,0.9643466
3,62.02294527378266,1.193701,1.0064603,0.3897762,astro-256-100m,"Annealing(rc, easy)",2e-07,2e-07,2e-07
4,54.263885919548684,1.2574528,1.0120223,0.0445998,astro-256-100m,"Annealing(rc, easy)",2e-07,2e-07,2e-07
5,1.0923646277748582,1.3733855,1.0101417,0.0029148,astro-256-100m,"Annealing(rc, easy)",1.8e-06,1.8e-06,0.2855406
6,16.795926662301806,1.2346972,1.01955,0.0420358,astro-256-100m,"Annealing(rc, easy)",2e-07,2e-07,2e-07
7,53.66724290688332,1.2064698,1.0164747,0.4614094,astro-256-100m,"Annealing(rc, easy)",2e-07,2e-07,2e-07
8,1.0423649264451051,1.3827432,1.0058888,0.0014148,astro-256-100m,"Annealing(rc, easy)",1.8e-06,3.5e-05,0.9531944
9,76.24174871607562,1.2048314,1.0066651,0.7815684,astro-256-100m,"Annealing(rc, easy)",2e-07,2e-07,2e-07
0,1.4780963560296445,1.4161434,1.0079271,0.0012004,astro-256-100m,"Annealing(rc, medium)",1.4e-06,2e-06,0.1596914
1,0.9559490555491832,1.3237652,1.0148367,0.009596,astro-256-100m,"Annealing(rc, medium)",1.8e-06,1.8e-06,0.0140498
2,5.492125120050434,1.449513,1.0089024,0.0017402,astro-256-100m,"Annealing(rc, medium)",2e-07,6e-07,0.01829
3,5.95019718094793,1.190475,1.0045905,0.356201,astro-256-100m,"Annealing(rc, medium)",2e-07,2e-07,0.0731952
4,5.676911144520219,1.2288114,1.0045553,0.1730484,astro-256-100m,"Annealing(rc, medium)",2e-07,2e-07,0.0113224
5,1.120255769066593,1.3848077,1.0126535,0.0007726,astro-256-100m,"Annealing(rc, medium)",1.8e-06,1.8e-06,0.3669706
6,4.848126785708656,1.2174938,1.0123658,0.0369012,astro-256-100m,"Annealing(rc, medium)",2e-07,6e-07,0.2914278
7,5.327231258676445,1.1844337,1.0052665,0.4512978,astro-256-100m,"Annealing(rc, medium)",2e-07,2e-07,0.0002188
8,1.0079892223275957,1.3847852,1.0078226,0.0020096,astro-256-100m,"Annealing(rc, medium)",1.8e-06,1.8e-06,0.006547
9,5.84586688686437,1.1881502,1.0033629,0.8018276,astro-256-100m,"Annealing(rc, medium)",2e-07,2e-07,0.0461392
0,1.608064569983869,1.4200025,1.009642,0.0012004,astro-256-100m,"Annealing(rc, hard)",1.4e-06,1.8e-06,0.1764788
1,0.923805339205448,1.321275,1.0220841,0.0136042,astro-256-100m,"Annealing(rc, hard)",1.8e-06,1.8e-06,0.0004928
2,5.525398656390958,1.4361353,1.008437,0.0021442,astro-256-100m,"Annealing(rc, hard)",2e-07,6e-07,0.0063404
3,5.807664115922312,1.1837163,1.003939,0.3927964,astro-256-100m,"Annealing(rc, hard)",2e-07,2e-07,0.0003438
4,5.864227563430789,1.2318778,1.0043062,0.070983,astro-256-100m,"Annealing(rc, hard)",2e-07,2e-07,0.0258824
5,1.0739495219322708,1.3815314,1.0123404,0.0007726,astro-256-100m,"Annealing(rc, hard)",1.8e-06,1.8e-06,0.0028796
6,4.986360643137053,1.2178876,1.0191206,0.0764874,astro-256-100m,"Annealing(rc, hard)",2e-07,4e-07,0.0530062
7,5.809508423579601,1.1873455,1.0056214,0.7911044,astro-256-100m,"Annealing(rc, hard)",2e-07,2e-07,0.0124556
8,1.0696352709328358,1.3853074,1.0115811,0.0009866,astro-256-100m,"Annealing(rc, hard)",1.8e-06,1.8e-06,0.0108576
9,5.985503454057449,1.1959587,1.0056679,0.800676,astro-256-100m,"Annealing(rc, hard)",2e-07,2e-07,0.0013072
0,44.021891274386775,1.741147,1.017802,0.0042336,deep1b-96-100m,"Annealing(rc, easy)",0.0,0.0,0.0
1,7.8164171320178895,2.3132825,1.0145082,0.0030868,deep1b-96-100m,"Annealing(rc, easy)",1.0,1.0,1.0
2,7.91113639711184,2.0426764,1.0058838,0.0035774,deep1b-96-100m,"Annealing(rc, easy)",1.0,1.0,1.0
3,6.932971407585414,1.9027421,1.0119094,0.004282,deep1b-96-100m,"Annealing(rc, easy)",1.0,1.0,1.0
4,33.182883256180546,1.722314,1.0087985,0.0204282,deep1b-96-100m,"Annealing(rc, easy)",0.0,0.0,0.0
5,88.79274488410968,1.6676998,1.0223211,0.043462,deep1b-96-100m,"Annealing(rc, easy)",0.0,0.0,0.0
6,7.05054957414613,2.1531625,1.0047513,0.0059818,deep1b-96-100m,"Annealing(rc, easy)",1.0,1.0,1.0
7,5.585034441817877,1.7960247,1.0119642,0.016885,deep1b-96-100m,"Annealing(rc, easy)",1.0,1.0,1.0
8,5.79928698853054,1.7875624,1.0124085,0.0015954,deep1b-96-100m,"Annealing(rc, easy)",1.0,1.0,1.0
9,37.69584448939887,1.7250795,1.0098948,0.0300282,deep1b-96-100m,"Annealing(rc, easy)",0.0,0.0,0.0
0,6.390066046948776,1.6463467,1.0082358,0.0049182,deep1b-96-100m,"Annealing(rc, medium)",2e-07,0.0001504,0.2374114
1,6.81749969985168,2.4390235,1.0137758,0.0027184,deep1b-96-100m,"Annealing(rc, medium)",3.8e-06,0.0042334,0.1864818
2,8.039729773552873,2.0237687,1.0109881,0.002147,deep1b-96-100m,"Annealing(rc, medium)",2e-07,0.0214046,0.8540762
3,7.065466448319853,1.8797294,1.0064313,0.0138338,deep1b-96-100m,"Annealing(rc, medium)",2e-07,0.0423614,0.8465426
4,6.9482047329425605,1.6183751,1.0076655,0.0543922,deep1b-96-100m,"Annealing(rc, medium)",2e-07,0.0289882,0.986278
5,6.330419878223646,1.5715753,1.0051283,0.0420644,deep1b-96-100m,"Annealing(rc, medium)",2e-07,0.0011354,0.7613342
6,7.284640011254422,2.1030993,1.0055603,0.0059818,deep1b-96-100m,"Annealing(rc, medium)",1.6e-06,0.0281486,0.9487514
7,4.736963181286953,1.7832348,1.0113844,0.0118566,deep1b-96-100m,"Annealing(rc, medium)",2e-07,0.0018482,0.535334
8,7.009094040673771,1.7159499,1.0063373,0.0015954,deep1b-96-100m,"Annealing(rc, medium)",2e-07,0.001452,0.8738514
9,6.452067913112744,1.6209958,1.0042068,0.036584,deep1b-96-100m,"Annealing(rc, medium)",2e-07,0.001742,0.6142918
0,6.773705001231787,1.6166047,1.0084319,0.0054666,deep1b-96-100m,"Annealing(rc, hard)",2e-07,0.0001288,0.2342314
1,7.497381940311944,2.4179196,1.0196322,0.0030274,deep1b-96-100m,"Annealing(rc, hard)",4.4e-06,0.0048426,0.2095802
2,8.221078855090957,2.0525804,1.0113484,0.0059582,deep1b-96-100m,"Annealing(rc, hard)",2e-07,0.0143028,0.3747354
3,6.678539924016016,1.9127992,1.0135705,0.005704,deep1b-96-100m,"Annealing(rc, hard)",2e-07,0.0058668,0.3099456
4,6.327569162913428,1.6476134,1.0088276,0.021061,deep1b-96-100m,"Annealing(rc, hard)",2e-07,9.34e-05,0.1813466
5,6.570146222649782,1.5798382,1.0051419,0.054836,deep1b-96-100m,"Annealing(rc, hard)",2e-07,9.84e-05,0.3019444
6,7.700448334093854,2.160016,1.0079044,0.0059818,deep1b-96-100m,"Annealing(rc, hard)",1e-06,0.013416,0.3473318
7,5.133254679719428,1.7760121,1.0069036,0.0159258,deep1b-96-100m,"Annealing(rc, hard)",2e-07,0.0001354,0.1511316
8,6.665082498867961,1.733289,1.004972,0.0015954,deep1b-96-100m,"Annealing(rc, hard)",2e-07,6.56e-05,0.0146992
9,6.384557945620473,1.617687,1.0066661,0.0238464,deep1b-96-100m,"Annealing(rc, hard)",2e-07,8.16e-05,0.1863122
0,9.22435373574344,2.3688545,1.0163866,0.0019244,seismic-256-100m,"Annealing(rc, easy)",2.42e-05,0.036334,0.7756302
1,6.213365713646604,1.3324817,1.0110917,0.230741,seismic-256-100m,"Annealing(rc, easy)",2e-07,2e-07,0.4883022
2,24.803165085411948,4.0245404,1.0115055,0.001824,seismic-256-100m,"Annealing(rc, easy)",0.0313422,0.565823,1.0
3,8.8091184780083,2.0698545,1.0091815,0.0180208,seismic-256-100m,"Annealing(rc, easy)",2.4e-06,0.095673,0.8636458
4,6.164026931160596,1.3451566,1.0137796,0.1678264,seismic-256-100m,"Annealing(rc, easy)",2e-07,2e-07,0.33226
5,6.98172344700296,1.9809781,1.0140454,0.0064338,seismic-256-100m,"Annealing(rc, easy)",2e-06,0.042521,0.977584
6,5.72121307115756,1.2862986,1.0168939,0.5108762,seismic-256-100m,"Annealing(rc, easy)",2e-07,6e-07,0.6527214
7,7.35568523252414,1.9871941,1.0070227,0.0157282,seismic-256-100m,"Annealing(rc, easy)",2e-07,0.0163796,0.8175856
8,5.904467913659526,1.2889162,1.0243915,0.126811,seismic-256-100m,"Annealing(rc, easy)",2e-07,6e-07,0.9019258
9,6.198156419226112,1.3380774,1.0258892,0.5326238,seismic-256-100m,"Annealing(rc, easy)",2e-07,8e-07,0.7759088
0,7.785002764729376,2.2899523,1.0126278,0.0038482,seismic-256-100m,"Annealing(rc, medium)",7.6e-06,0.0322838,0.76747
1,5.613464671310229,1.2771807,1.0028511,0.3539538,seismic-256-100m,"Annealing(rc, medium)",2e-07,1.8e-06,0.9852342
2,22.259968727382248,4.2772746,1.0160072,0.001824,seismic-256-100m,"Annealing(rc, medium)",0.0234208,0.268572,0.991606
3,8.35741584477208,2.152865,1.0084109,0.0152172,seismic-256-100m,"Annealing(rc, medium)",1.2e-06,0.080531,0.7936564
4,5.631077182480777,1.2910434,1.0035906,0.4806686,seismic-256-100m,"Annealing(rc, medium)",2e-07,6e-07,0.5834056
5,6.751898660079259,2.019865,1.0115248,0.0064338,seismic-256-100m,"Annealing(rc, medium)",4e-07,0.0094048,0.8071394
6,5.378103238716086,1.2701293,1.0081489,0.055258,seismic-256-100m,"Annealing(rc, medium)",2e-07,6e-07,0.6726688
7,7.259785874340412,1.9622016,1.0072002,0.0127732,seismic-256-100m,"Annealing(rc, medium)",2e-07,0.0226966,0.8932952
8,5.783214975753974,1.2622974,1.0054448,0.2376148,seismic-256-100m,"Annealing(rc, medium)",2e-07,0.0011354,1.0
9,5.579653289361103,1.319766,1.0122898,0.5729648,seismic-256-100m,"Annealing(rc, medium)",2e-07,6e-07,0.5399002
0,8.238098685926191,2.3840857,1.0105714,0.00521,seismic-256-100m,"Annealing(rc, hard)",2.98e-05,0.0371622,0.7798282
1,5.5016107506756375,1.2878369,1.0042887,0.360723,seismic-256-100m,"Annealing(rc, hard)",2e-07,2e-07,0.201225
2,22.110885115921395,4.321322,1.0138562,0.0029114,seismic-256-100m,"Annealing(rc, hard)",0.0185904,0.200329,0.9646744
3,8.979104087216369,2.1009414,1.0079708,0.0164378,seismic-256-100m,"Annealing(rc, hard)",4.6e-06,0.0935642,0.8547436
4,5.5270872214748925,1.295101,1.0034355,0.6520444,seismic-256-100m,"Annealing(rc, hard)",2e-07,2e-07,0.1544068
5,7.815289714256289,1.9693317,1.0103903,0.0083406,seismic-256-100m,"Annealing(rc, hard)",2e-06,0.046015,0.986263
6,5.461694084434081,1.2657905,1.0085552,0.2541868,seismic-256-100m,"Annealing(rc, hard)",2e-07,6e-07,0.829788
7,7.394527990717041,1.9524454,1.0050621,0.0138104,seismic-256-100m,"Annealing(rc, hard)",1.6e-06,0.0518502,0.973538
8,5.3266801800184425,1.256166,1.0042075,0.4119012,seismic-256-100m,"Annealing(rc, hard)",2e-07,6e-07,0.707931
9,6.174633615976707,1.3124809,1.0068932,0.5187522,seismic-256-100m,"Annealing(rc, hard)",2e-07,0.0004848,0.9999894
